<?xml version="1.0" encoding="UTF-8" standalone="yes"?>
<addon id="plugin.video.ctoonkodi" name="CTOON Kodi" version="0.2.0" provider-name="doko, Tikipeter">
  <requires>
    <import addon="xbmc.python" version="2.1.0"/>
    <import addon="script.module.requests" />
  </requires>
  <extension point="xbmc.python.pluginsource" library="default.py">
    <provides>video</provides>
  </extension>
  <extension point="xbmc.addon.metadata">
    <summary lang="en"></summary>
    <description lang="en">[COLOR mediumpurple][B]CTOON Kodi[/B][/COLOR][CR][CR]A simple addon for streaming cartoon episodes from the [B]ctoon.party[/B] website.[CR][CR]Help keep CTOON alive, donate to the host: [COLOR khaki][B]ko-fi.com/A637AV5[/B][/COLOR]</description>
    <disclaimer lang="en"></disclaimer>
    <platform>all</platform>
  </extension>
</addon>